{"cameraMode":{"drawMode":0,"name":"Shaded","section":"Shading Mode"},"sceneLighting":true,"audioPlay":false,"sceneViewState":{"m_AlwaysRefresh":false,"showFog":true,"showSkybox":true,"showFlares":true,"showImageEffects":true,"showParticleSystems":true,"showVisualEffectGraphs":true,"m_FxEnabled":true},"in2DMode":false,"pivot":{"x":-1.8674650192260743,"y":0.11682483553886414,"z":-0.31314748525619509},"rotation":{"x":-0.016808604821562768,"y":0.005410727113485336,"z":-0.00009023844904731959,"w":-0.9998533725738525},"size":4.81263542175293,"orthographic":true}